trial_num,Correct,S,R,rt
1,1,ng,TO,NA
2,1,go,RESP,427
3,1,ng,TO,NA
4,1,go,RESP,263
5,1,go,RESP,372
6,1,go,RESP,260
7,1,go,RESP,300
8,1,go,RESP,301
9,1,go,RESP,314
10,1,go,RESP,283
11,0,ng,RESP,299
12,1,go,RESP,308
13,1,go,RESP,348
14,1,go,RESP,298
15,1,go,RESP,334
16,1,go,RESP,361
17,1,go,RESP,310
18,1,go,RESP,278
19,1,go,RESP,304
20,1,go,RESP,329
21,1,go,RESP,288
22,1,ng,TO,NA
23,1,go,RESP,310
24,1,go,RESP,303
25,1,go,RESP,294
26,1,go,RESP,276
27,1,ng,TO,NA
28,1,go,RESP,266
29,1,go,RESP,292
30,1,go,RESP,288
31,1,go,RESP,303
32,1,ng,TO,NA
33,1,go,RESP,290
34,1,go,RESP,262
35,1,go,RESP,265
36,1,go,RESP,292
37,1,go,RESP,285
38,1,ng,TO,NA
39,1,go,RESP,281
40,1,go,RESP,257
41,1,go,RESP,274
42,1,go,RESP,268
43,1,go,RESP,287
44,1,go,RESP,301
45,0,ng,RESP,264
46,1,go,RESP,371
47,1,go,RESP,295
48,1,go,RESP,259
49,0,ng,RESP,280
50,1,ng,TO,NA
51,0,ng,RESP,309
52,1,go,RESP,328
53,1,ng,TO,NA
54,1,go,RESP,298
55,1,go,RESP,346
56,1,go,RESP,281
57,1,go,RESP,299
58,1,go,RESP,311
59,1,go,RESP,315
60,1,go,RESP,311
61,1,go,RESP,318
62,1,go,RESP,328
63,1,go,RESP,301
64,1,go,RESP,300
65,1,ng,TO,NA
66,0,ng,RESP,313
67,1,go,RESP,543
68,1,go,RESP,356
69,1,go,RESP,324
70,1,go,RESP,336
71,1,go,RESP,333
72,1,go,RESP,285
73,1,go,RESP,301
74,1,go,RESP,320
75,1,go,RESP,310
76,1,go,RESP,301
77,1,go,RESP,311
78,1,go,RESP,327
79,1,go,RESP,301
80,1,go,RESP,267
81,1,go,RESP,301
82,1,go,RESP,295
83,1,go,RESP,300
84,1,go,RESP,311
85,1,go,RESP,293
86,1,go,RESP,281
87,1,go,RESP,284
88,1,go,RESP,307
89,1,go,RESP,301
90,1,go,RESP,298
91,1,go,RESP,282
92,1,go,RESP,353
93,1,go,RESP,314
94,1,go,RESP,327
95,1,go,RESP,316
96,0,ng,RESP,410
97,1,go,RESP,420
98,1,go,RESP,326
99,1,go,RESP,304
100,1,go,RESP,334
101,1,go,RESP,288
102,1,go,RESP,291
103,1,go,RESP,366
104,1,ng,TO,NA
105,1,go,RESP,293
106,1,go,RESP,304
107,1,go,RESP,323
108,1,go,RESP,801
109,1,ng,TO,NA
110,1,go,RESP,358
111,1,go,RESP,315
112,1,go,RESP,295
113,0,ng,RESP,286
114,1,go,RESP,268
115,1,go,RESP,329
116,1,go,RESP,300
117,1,go,RESP,321
118,1,go,RESP,280
119,1,go,RESP,262
120,1,go,RESP,316
121,1,go,RESP,299
122,1,go,RESP,285
123,1,go,RESP,353
124,1,go,RESP,287
125,1,go,RESP,330
126,1,go,RESP,397
127,1,go,RESP,402
128,1,ng,TO,NA
129,1,go,RESP,281
130,1,go,RESP,298
131,0,ng,RESP,316
132,1,ng,TO,NA
133,1,go,RESP,416
134,1,go,RESP,306
135,1,ng,TO,NA
136,1,ng,TO,NA
137,1,ng,TO,NA
138,1,go,RESP,431
139,1,go,RESP,316
140,1,go,RESP,342
141,1,go,RESP,292
142,1,go,RESP,307
143,1,go,RESP,306
144,1,go,RESP,317
145,1,go,RESP,313
146,0,ng,RESP,302
147,1,go,RESP,607
148,1,go,RESP,371
149,1,go,RESP,315
150,1,go,RESP,331
151,1,go,RESP,332
152,1,go,RESP,310
153,0,ng,RESP,293
154,1,go,RESP,337
155,1,go,RESP,320
156,1,go,RESP,281
157,1,go,RESP,306
158,1,go,RESP,594
159,1,ng,TO,NA
160,1,go,RESP,342
161,1,go,RESP,298
162,1,go,RESP,382
163,0,ng,RESP,364
164,1,go,RESP,397
165,1,ng,TO,NA
166,1,ng,TO,NA
167,1,go,RESP,399
168,1,go,RESP,279
169,1,go,RESP,274
170,1,go,RESP,307
171,1,go,RESP,314
172,1,go,RESP,336
173,1,go,RESP,289
174,0,ng,RESP,301
175,1,go,RESP,336
176,0,ng,RESP,319
177,1,go,RESP,343
178,1,go,RESP,304
179,1,go,RESP,324
180,1,go,RESP,301
181,1,go,RESP,307
182,1,go,RESP,318
183,1,go,RESP,312
184,1,go,RESP,319
185,1,ng,TO,NA
186,1,go,RESP,375
187,1,ng,TO,NA
188,1,ng,TO,NA
189,1,go,RESP,498
190,1,go,RESP,268
191,1,go,RESP,307
192,1,go,RESP,295
193,1,go,RESP,309
194,1,go,RESP,340
195,1,go,RESP,334
196,1,go,RESP,312
197,1,go,RESP,307
198,1,go,RESP,324
199,1,go,RESP,333
200,1,ng,TO,NA
201,1,go,RESP,345
202,1,ng,TO,NA
203,1,go,RESP,332
204,1,go,RESP,302
205,1,go,RESP,296
206,1,go,RESP,333
207,1,go,RESP,318
208,1,go,RESP,314
209,1,go,RESP,334
210,1,ng,TO,NA
211,0,ng,RESP,292
212,1,go,RESP,432
213,1,ng,TO,NA
214,1,go,RESP,322
215,1,go,RESP,323
216,1,go,RESP,301
217,1,go,RESP,263
218,0,ng,RESP,329
219,1,go,RESP,348
220,1,go,RESP,332
221,1,go,RESP,312
222,1,go,RESP,298
223,1,go,RESP,332
224,1,go,RESP,337
225,1,ng,TO,NA
226,1,go,RESP,305
227,1,go,RESP,301
228,0,ng,RESP,296
229,1,go,RESP,343
230,1,ng,TO,NA
231,1,go,RESP,335
232,1,go,RESP,258
233,1,go,RESP,323
234,1,go,RESP,303
235,1,ng,TO,NA
236,1,go,RESP,318
237,1,go,RESP,351
238,1,go,RESP,304
239,1,go,RESP,321
240,1,ng,TO,NA
241,1,go,RESP,373
242,1,ng,TO,NA
243,1,go,RESP,354
244,1,go,RESP,370
245,1,ng,TO,NA
246,1,go,RESP,325
247,1,go,RESP,293
248,1,go,RESP,317
249,1,go,RESP,308
250,1,go,RESP,323
251,1,go,RESP,341
252,1,go,RESP,303
253,1,go,RESP,316
254,1,go,RESP,335
255,1,ng,TO,NA
256,0,ng,RESP,324
257,1,go,RESP,324
258,1,go,RESP,341
259,1,go,RESP,278
260,0,ng,RESP,278
261,1,go,RESP,363
262,1,ng,TO,NA
263,1,go,RESP,317
264,1,go,RESP,331
265,0,ng,RESP,304
266,1,ng,TO,NA
267,1,go,RESP,401
268,1,go,RESP,321
269,1,ng,TO,NA
270,1,go,RESP,303
271,1,go,RESP,297
272,1,go,RESP,293
273,1,go,RESP,272
274,1,go,RESP,293
275,1,go,RESP,274
276,1,go,RESP,300
277,1,go,RESP,344
278,1,ng,TO,NA
279,1,go,RESP,336
280,1,go,RESP,322
281,1,go,RESP,299
282,1,go,RESP,324
283,1,go,RESP,273
284,1,ng,TO,NA
285,1,ng,TO,NA
286,1,ng,TO,NA
287,1,ng,TO,NA
288,1,go,RESP,413
289,0,ng,RESP,335
290,1,go,RESP,418
291,1,go,RESP,377
292,1,go,RESP,319
293,1,go,RESP,321
294,1,ng,TO,NA
295,1,go,RESP,449
296,0,ng,RESP,420
297,1,go,RESP,394
298,1,go,RESP,365
299,1,go,RESP,317
300,1,go,RESP,316
301,0,ng,RESP,335
302,1,go,RESP,392
303,1,ng,TO,NA
304,1,go,RESP,347
305,1,go,RESP,358
306,1,go,RESP,305
307,1,go,RESP,297
308,1,go,RESP,317
309,1,go,RESP,299
310,1,go,RESP,320
311,1,go,RESP,304
312,1,go,RESP,320
313,1,ng,TO,NA
314,1,ng,TO,NA
315,1,go,RESP,428
316,1,go,RESP,297
317,1,go,RESP,269
318,1,go,RESP,381
319,1,go,RESP,327
320,1,go,RESP,374
321,1,go,RESP,337
322,0,ng,RESP,281
323,1,ng,TO,NA
324,1,ng,TO,NA
325,1,ng,TO,NA
326,1,go,RESP,364
327,1,go,RESP,305
328,0,ng,RESP,299
329,1,go,RESP,330
330,1,go,RESP,335
331,1,go,RESP,333
332,1,go,RESP,290
333,1,go,RESP,321
334,1,go,RESP,306
335,1,go,RESP,313
336,1,ng,TO,NA
337,1,go,RESP,383
338,1,go,RESP,353
339,1,go,RESP,307
340,1,ng,TO,NA
341,1,ng,TO,NA
342,1,go,RESP,337
343,1,go,RESP,356
344,1,go,RESP,295
345,1,go,RESP,274
346,0,ng,RESP,279
347,1,go,RESP,318
348,1,ng,TO,NA
349,1,go,RESP,296
350,1,go,RESP,359
351,1,go,RESP,640
352,1,go,RESP,289
353,1,go,RESP,316
354,1,go,RESP,303
355,1,go,RESP,280
356,1,go,RESP,312
357,1,go,RESP,319
358,1,go,RESP,476
359,1,ng,TO,NA
360,1,ng,TO,NA
361,1,go,RESP,363
362,0,ng,RESP,291
363,1,go,RESP,390
364,0,ng,RESP,288
365,1,go,RESP,341
366,1,go,RESP,263
367,0,ng,RESP,307
368,1,go,RESP,352
369,1,go,RESP,284
370,1,go,RESP,309
371,1,ng,TO,NA
372,1,go,RESP,363
373,1,go,RESP,292
374,1,go,RESP,303
375,0,ng,RESP,308
376,1,ng,TO,NA
377,1,go,RESP,375
378,1,go,RESP,382
379,0,ng,RESP,327
380,1,go,RESP,291
381,1,go,RESP,306
382,1,ng,TO,NA
383,1,go,RESP,333
384,1,go,RESP,266
385,1,go,RESP,321
386,1,go,RESP,304
387,1,go,RESP,408
388,1,go,RESP,296
389,1,go,RESP,344
390,1,ng,TO,NA
391,1,go,RESP,285
392,1,go,RESP,266
393,1,go,RESP,285
394,1,go,RESP,285
395,1,go,RESP,300
396,0,ng,RESP,308
397,1,ng,TO,NA
398,1,go,RESP,499
399,1,go,RESP,296
400,1,go,RESP,301
401,1,go,RESP,281
402,1,go,RESP,324
403,1,ng,TO,NA
404,1,go,RESP,281
405,1,go,RESP,281
406,1,go,RESP,283
407,1,go,RESP,297
408,1,go,RESP,290
409,1,go,RESP,293
410,1,go,RESP,281
411,1,go,RESP,269
412,0,ng,RESP,324
413,1,go,RESP,330
414,1,go,RESP,291
415,1,go,RESP,279
416,1,go,RESP,231
417,1,go,RESP,325
418,1,go,RESP,316
419,1,go,RESP,250
420,1,go,RESP,366
421,1,ng,TO,NA
422,1,go,RESP,450
423,1,go,RESP,355
424,1,go,RESP,402
425,1,go,RESP,351
426,1,go,RESP,311
427,1,go,RESP,286
428,1,go,RESP,323
429,1,go,RESP,326
430,1,go,RESP,297
431,1,go,RESP,280
432,1,go,RESP,317
433,1,go,RESP,306
434,1,ng,TO,NA
435,1,go,RESP,314
436,1,ng,TO,NA
437,1,go,RESP,258
438,1,go,RESP,356
439,1,go,RESP,267
440,1,go,RESP,284
441,1,go,RESP,307
442,1,go,RESP,307
443,1,go,RESP,285
444,1,go,RESP,357
445,1,go,RESP,268
446,1,go,RESP,290
447,1,go,RESP,268
448,1,go,RESP,278
449,1,go,RESP,270
450,1,go,RESP,258
451,0,ng,RESP,267
452,1,go,RESP,322
453,1,go,RESP,297
454,1,go,RESP,267
455,1,go,RESP,269
456,1,go,RESP,265
457,1,go,RESP,263
458,0,ng,RESP,293
459,1,go,RESP,313
460,1,go,RESP,260
461,1,go,RESP,256
462,1,go,RESP,279
463,1,go,RESP,240
464,1,go,RESP,259
465,1,go,RESP,258
466,1,go,RESP,261
467,1,go,RESP,259
468,1,go,RESP,262
469,1,go,RESP,265
470,1,go,RESP,291
471,1,go,RESP,284
472,1,go,RESP,298
473,1,go,RESP,233
474,0,ng,RESP,229
475,1,go,RESP,297
476,1,go,RESP,277
477,1,go,RESP,270
478,1,go,RESP,260
479,1,go,RESP,219
480,1,go,RESP,263
481,0,ng,RESP,267
482,1,go,RESP,287
483,1,go,RESP,285
484,1,go,RESP,259
485,0,ng,RESP,268
486,1,go,RESP,294
487,1,go,RESP,269
488,1,go,RESP,287
489,1,go,RESP,308
490,1,go,RESP,317
491,1,go,RESP,273
492,1,go,RESP,301
493,1,go,RESP,306
494,1,go,RESP,309
495,1,go,RESP,282
496,1,go,RESP,271
497,1,go,RESP,295
498,1,go,RESP,287
499,1,go,RESP,239
500,1,go,RESP,251
